Dataset,Metric,Model_A,Model_B,MeanDiff,Stat,p_value
friedman1,RMSE,Rf,Stack,0.00011168514097147364,0.0,0.001953125
friedman1,RMSE,Rf,Xgb,0.28056197551905937,0.0,0.001953125
friedman1,RMSE,Stack,Xgb,0.28045029037808794,0.0,0.001953125
friedman1,MAE,Rf,Stack,8.547672445349263e-05,0.0,0.001953125
friedman1,MAE,Rf,Xgb,0.21374417620762037,0.0,0.001953125
friedman1,MAE,Stack,Xgb,0.21365869948316693,0.0,0.001953125
friedman1,R2,Rf,Stack,-7.560843439702314e-06,0.0,0.001953125
friedman1,R2,Rf,Xgb,-0.016240501310077215,0.0,0.001953125
friedman1,R2,Stack,Xgb,-0.016232940466637515,0.0,0.001953125
