Dataset,Metric,Model_A,Model_B,MeanDiff,Stat,p_value
friedman3,RMSE,Rf,Stack,-0.0005348636846342514,27.0,1.0
friedman3,RMSE,Rf,Xgb,0.008533980405766934,17.0,0.322265625
friedman3,RMSE,Stack,Xgb,0.009068844090401184,13.0,0.16015625
friedman3,MAE,Rf,Stack,0.0005731078405560031,25.0,0.845703125
friedman3,MAE,Rf,Xgb,0.007244238134084741,22.0,0.625
friedman3,MAE,Stack,Xgb,0.006671130293528738,18.0,0.375
friedman3,R2,Rf,Stack,0.015795138005520393,25.0,0.845703125
friedman3,R2,Rf,Xgb,-0.030239875860361233,18.0,0.375
friedman3,R2,Stack,Xgb,-0.04603501386588162,13.0,0.16015625
