Dataset,Metric,Model_A,Model_B,MeanDiff,Stat,p_value
regression,RMSE,Rf,Stack,53.21104408359001,0.0,0.001953125
regression,RMSE,Rf,Xgb,41.31227053205627,0.0,0.001953125
regression,RMSE,Stack,Xgb,-11.89877355153375,0.0,0.001953125
regression,MAE,Rf,Stack,39.394364864391,0.0,0.001953125
regression,MAE,Rf,Xgb,30.703028385446807,0.0,0.001953125
regression,MAE,Stack,Xgb,-8.691336478944196,0.0,0.001953125
regression,R2,Rf,Stack,-0.11691928279811474,0.0,0.001953125
regression,R2,Rf,Xgb,-0.10751017838026104,0.0,0.001953125
regression,R2,Stack,Xgb,0.009409104417853687,0.0,0.001953125
